cluster_id,income,recency,mntwines,mntfruits,mntmeatproducts,mntfishproducts,mntsweetproducts,mntgoldprods,numdealspurchases,numwebpurchases,numcatalogpurchases,numstorepurchases,numwebvisitsmonth,total_accepted_cmp,children,age,relationship_duration,frequency,monetary,avg_purchase_value,customer_count
0,41811.33705357143,49.55604395604396,57.151648351648355,4.797802197802198,24.072527472527472,6.189010989010989,5.013186813186813,13.358241758241759,1.8087912087912088,2.0395604395604394,0.6945054945054945,3.621978021978022,5.2,0.07472527472527472,1.410989010989011,58.002197802197806,12.38021978021978,0.6595942519019443,110.58241758241758,11.642784799593137,455
1,64508.131313131315,49.285,583.375,41.5675,208.5375,51.7225,41.1025,74.0025,2.9975,6.775,4.415,9.0475,5.03,0.3525,0.9325,58.0025,13.135,1.7711698717948718,1000.3075,44.13875958960135,400
2,49558.47222222222,48.37190082644628,279.94214876033055,12.110192837465565,83.97796143250689,18.911845730027547,12.424242424242424,48.07988980716254,4.586776859504132,5.909090909090909,1.9090909090909092,6.008264462809917,6.7272727272727275,0.20110192837465565,1.3829201101928374,56.570247933884296,13.234159779614325,1.3949409176681904,455.44628099173553,24.46048101577032,363
3,28574.590566037736,48.34141791044776,24.291044776119403,5.154850746268656,19.082089552238806,7.395522388059701,5.222014925373134,15.574626865671641,1.835820895522388,1.9384328358208955,0.4123134328358209,2.912313432835821,7.19589552238806,0.08022388059701492,1.0261194029850746,46.23694029850746,13.197761194029852,0.5381950139412826,76.72014925373135,10.305121116918869,536
4,77631.50106157112,49.94303797468354,645.1497890295359,69.11392405063292,488.88396624472574,104.55485232067511,72.80168776371308,77.69198312236287,1.0548523206751055,4.8881856540084385,6.078059071729958,8.324894514767932,2.559071729957806,0.7890295358649789,0.1160337552742616,54.13291139240506,12.947257383966244,1.573644534087572,1458.1962025316457,74.02476553823655,474
