cluster_id,income,recency,mntwines,mntfruits,mntmeatproducts,mntfishproducts,mntsweetproducts,mntgoldprods,numdealspurchases,numwebpurchases,numcatalogpurchases,numstorepurchases,numwebvisitsmonth,total_accepted_cmp,children,age,relationship_duration,frequency,monetary,avg_purchase_value,customer_count
0,64459.885,49.45792079207921,581.9752475247525,41.5470297029703,207.84405940594058,51.45792079207921,40.82920792079208,73.9430693069307,3.007425742574257,6.757425742574258,4.393564356435643,9.049504950495049,5.034653465346534,0.35148514851485146,0.9356435643564357,60.95544554455446,13.133663366336634,1.7692466362020816,997.5965346534654,44.05383704846282,404
1,28574.590566037736,48.34141791044776,24.291044776119403,5.154850746268656,19.082089552238806,7.395522388059701,5.222014925373134,15.574626865671641,1.835820895522388,1.9384328358208955,0.4123134328358209,2.912313432835821,7.19589552238806,0.08022388059701492,1.0261194029850746,49.23694029850746,13.197761194029852,0.5381950139412826,76.72014925373135,10.305121116918869,536
2,77631.50106157112,49.94303797468354,645.1497890295359,69.11392405063292,488.88396624472574,104.55485232067511,72.80168776371308,77.69198312236287,1.0548523206751055,4.8881856540084385,6.078059071729958,8.324894514767932,2.559071729957806,0.7890295358649789,0.1160337552742616,57.13291139240506,12.947257383966244,1.573644534087572,1458.1962025316457,74.02476553823655,474
3,49424.899159663866,48.263888888888886,277.55,11.786111111111111,83.30833333333334,18.8,12.4,47.77777777777778,4.594444444444444,5.908333333333333,1.9027777777777777,5.969444444444444,6.736111111111111,0.2,1.386111111111111,59.58611111111111,13.23611111111111,1.3918218355718355,451.6222222222222,24.304018718124027,360
4,41810.08053691275,49.48237885462555,57.129955947136565,4.797356828193832,23.991189427312776,6.1960352422907485,5.006607929515418,13.345814977973568,1.801762114537445,2.039647577092511,0.6938325991189427,3.618942731277533,5.200440528634362,0.07488986784140969,1.4096916299559472,61.02202643171806,12.37885462555066,0.6588444595052525,110.4669603524229,11.640811943340125,454
