,education,marital_status,income,recency,mntwines,mntfruits,mntmeatproducts,mntfishproducts,mntsweetproducts,mntgoldprods,numdealspurchases,numwebpurchases,numcatalogpurchases,numstorepurchases,numwebvisitsmonth,total_accepted_cmp,children,age,relationship_duration,frequency,monetary,avg_purchase_value
PC1,0.29578810425536645,0.00576837084284867,0.27556964356181657,0.2302789544774919,0.2811104076919739,0.2390247551641797,0.22974625731277826,0.19422005570470738,-0.03452504545775773,0.19303281730597266,0.28384057063264206,0.25354641572559317,-0.2043702883146778,0.14716075137191434,-0.18555221148315323,0.048021630976715426,0.03305289351245404,0.2746829153952,0.32582028749633724,0.299363754882524,-0.0316369923282159,0.00791910484077201
PC2,-0.005703548878853175,0.004067619823634104,0.1440686441028683,-0.11405641617512212,-0.12795216431254047,-0.12270459022303443,-0.09126898659974551,0.11573641822459088,0.5669658637844468,0.38249142991786766,0.00880362580264686,0.1648350900677517,0.31439531016584715,-0.04413311548446777,0.3289624432868943,0.16358951858027287,0.2521909185555231,0.32871967007499703,0.019526967374749928,-0.09303905861444492,-0.01708662185510601,-0.03575897139848544
PC3,-0.22331536251345574,0.010147782113146063,-0.059308607200159125,0.15849461908975118,0.06705914089971515,0.14934172696468437,0.1477483851803647,0.18486696441742342,0.021935531695513655,0.008253021256334337,-0.03917525186220777,-0.11919872322622899,0.3211661938509093,-0.06345629266278989,-0.21503512198874075,-0.525557479197881,0.598354907568873,-0.11813044155309214,0.04129631960913193,0.07168092189112914,0.027952128872610026,0.11427243403865665
