k,silhouette_score,inertia
2,0.49852929708811167,11531.45679602501
3,0.42995826693089356,7864.393486677236
4,0.35797025566377494,6777.323474879096
5,0.29455663193032716,5926.030701607934
6,0.28773718947575605,5229.865085083672
7,0.2791725588485282,4714.907892254187
8,0.27680179918265985,4373.0344636470345
9,0.27540833341424525,4100.299933125762
10,0.2790797397287988,3861.4905513734857
