k,silhouette_score,inertia
2,0.4985351468311448,11531.485849090088
3,0.42997756941657056,7864.104895071435
4,0.35799394638587023,6776.988324626326
5,0.29516757124277526,5925.554429592876
6,0.28772338587268004,5229.846745153551
7,0.27913516322221504,4715.039807991254
8,0.27675324923787464,4373.025358950314
9,0.2753393670835869,4100.460094356281
10,0.280258407629578,3848.8452775960777
